{"TransactionID": 5.507951259613037, "TransactionAmt": 6.282192230224609, "ProductCD": 20.68346405029297, "card2": 7.927348613739014, "card3": 19.11931610107422, "card4": 7.28218412399292, "card5": 6.9378533363342285, "card6": 15.052785873413086, "addr2": 55.063968658447266, "dist1": 6.1372857093811035, "dist2": 4.107334136962891, "P_emaildomain": 8.896037101745605, "R_emaildomain": 10.247092247009277, "C1": 39.92721939086914, "C2": 8.50151252746582, "C3": 10.564395904541016, "C4": 4.319376468658447, "C5": 23.89644432067871, "C6": 10.516315460205078, "C7": 4.4189066886901855, "C8": 19.654842376708984, "C9": 8.914186477661133, "C10": 6.470459938049316, "C11": 16.497983932495117, "C12": 62.276329040527344, "C13": 18.68335723876953, "C14": 47.20351028442383, "D2": 10.362154960632324, "D3": 5.863582134246826, "D6": 5.401517391204834, "D7": 3.7107937335968018, "D8": 5.473625183105469, "D9": 4.073268413543701, "D10": 7.156212329864502, "D11": 5.933938503265381, "D13": 4.990385055541992, "D14": 4.561956405639648, "D15": 8.261299133300781, "V2": 3.8635168075561523, "V3": 6.679306983947754, "V4": 3.3987255096435547, "V5": 5.375998020172119, "V6": 3.382991075515747, "V7": 1.7077105045318604, "V8": 1.4981114864349365, "V10": 2.906588077545166, "V12": 3.6443710327148438, "V13": 32.131378173828125, "V19": 6.481597423553467, "V20": 2.558802604675293, "V23": 2.1050169467926025, "V24": 2.8407976627349854, "V25": 5.345921039581299, "V26": 12.00529670715332, "V29": 27.224512100219727, "V35": 4.653090476989746, "V36": 5.190700531005859, "V37": 4.378896236419678, "V38": 14.59734058380127, "V39": 43.652427673339844, "V40": 7.857521057128906, "V43": 14.142340660095215, "V44": 5.02582311630249, "V45": 14.726168632507324, "V46": 13.079268455505371, "V47": 7.856581687927246, "V48": 34.79281234741211, "V52": 6.173580646514893, "V54": 3.2080767154693604, "V55": 11.987908363342285, "V56": 4.536438465118408, "V58": 10.970666885375977, "V61": 2.643296957015991, "V62": 9.168930053710938, "V64": 2.40242338180542, "V66": 0.6677141189575195, "V69": 3.3461790084838867, "V72": 0.9011712074279785, "V75": 9.887773513793945, "V76": 5.154025077819824, "V77": 8.271490097045898, "V78": 10.734797477722168, "V79": 4.131257057189941, "V81": 2.859477996826172, "V82": 9.284494400024414, "V83": 10.295831680297852, "V85": 9.228979110717773, "V86": 5.981511116027832, "V87": 11.763472557067871, "V90": 495.8871154785156, "V93": 8.06093978881836, "V98": 2.6974620819091797, "V99": 11.07853889465332, "V100": 3.329339027404785, "V108": 1.4587476253509521, "V109": 5.52960729598999, "V114": 4.131541728973389, "V115": 15.178723335266113, "V121": 2.6259851455688477, "V123": 5.445918083190918, "V124": 8.031184196472168, "V129": 4.064206123352051, "V130": 5.828937530517578, "V131": 13.721720695495605, "V135": 2.493908405303955, "V136": 6.288606643676758, "V137": 8.48955249786377, "V142": 6.733226776123047, "V143": 1.6918901205062866, "V160": 1.0237189531326294, "V165": 6.8109612464904785, "V166": 1.8005449771881104, "V169": 5.063825607299805, "V170": 8.93403434753418, "V171": 7.623226642608643, "V176": 18.437747955322266, "V184": 19.418455123901367, "V187": 36.55494689941406, "V188": 3.5541090965270996, "V189": 1480.0, "V200": 1.8335838317871094, "V205": 1.7474114894866943, "V207": 5.1395978927612305, "V208": 7.041463851928711, "V209": 8.241856575012207, "V210": 13.146903038024902, "V220": 4.189925670623779, "V222": 5.810949802398682, "V223": 1.3749570846557617, "V226": 10.017581939697266, "V229": 2.7565388679504395, "V230": 2.6989519596099854, "V237": 4.637054443359375, "V238": 2.5249385833740234, "V239": 8.3838472366333, "V243": 1.7063138484954834, "V244": 1.2412341833114624, "V245": 12.946202278137207, "V246": 1.824532151222229, "V249": 3.4013423919677734, "V251": 4.958693504333496, "V256": 35.98475646972656, "V257": 25.847496032714844, "V258": 8848.232421875, "V260": 5.180970191955566, "V261": 5.378812313079834, "V262": 198.51710510253906, "V264": 4.615668773651123, "V267": 4.34356164932251, "V268": 6.810974597930908, "V271": 5.553750514984131, "V274": 4.255614280700684, "V276": 5.818115711212158, "V277": 3.174826145172119, "V278": 4.976252555847168, "V281": 15.194069862365723, "V282": 4.420341491699219, "V283": 512.4754638671875, "V284": 2.708812713623047, "V285": 9.999427795410156, "V286": 3.3168532848358154, "V287": 0.7585654258728027, "V288": 6.141335964202881, "V289": 2.0397846698760986, "V300": 5.157151222229004, "V301": 9.6925048828125, "V303": 6.3299407958984375, "V309": 18.971858978271484, "V310": 5.159567832946777, "V312": 25.654155731201172, "V313": 12.056388854980469, "V314": 7.506771564483643, "V315": 7.09717321395874, "V319": 16.013858795166016, "V320": 29.237215042114258, "V321": 6.202861785888672, "V325": 6.917482376098633, "V328": 3.1483147144317627, "V333": 11.556018829345703, "V335": 17.143842697143555, "V336": 5.708176612854004, "V337": 7.785355091094971, "V338": 4.307159423828125, "V339": 3.9850621223449707, "IsDuplicateInWindow": 4.90313720703125, "V1_uid_mean": 1.6994186639785767, "V2_uid_mean": 4.6270432472229, "V3_uid_mean": 4.698665618896484, "V4_uid_mean": 5.2288055419921875, "V5_uid_mean": 6.240982532501221, "V6_uid_mean": 4.883392333984375, "V7_uid_mean": 4.741998672485352, "V8_uid_mean": 5.3389201164245605, "V9_uid_mean": 2.9775729179382324, "V10_uid_mean": 3.4873998165130615, "V12_uid_mean": 9.393134117126465, "V13_uid_mean": 16.562429428100586, "V17_uid_mean": 5.8616862297058105, "V19_uid_mean": 10.658939361572266, "V20_uid_mean": 10.022753715515137, "V23_uid_mean": 5.641014099121094, "V24_uid_mean": 6.424686431884766, "V25_uid_mean": 15.270808219909668, "V26_uid_mean": 7.508255481719971, "V27_uid_mean": 0.08811378479003906, "V29_uid_mean": 9.126873970031738, "V35_uid_mean": 5.262793064117432, "V36_uid_mean": 6.241964340209961, "V37_uid_mean": 3.9339871406555176, "V38_uid_mean": 7.59890604019165, "V39_uid_mean": 8.808393478393555, "V40_uid_mean": 4.969882488250732, "V43_uid_mean": 3.977241039276123, "V44_uid_mean": 10.00380802154541, "V45_uid_mean": 11.632943153381348, "V46_uid_mean": 4.342309951782227, "V47_uid_mean": 5.97575569152832, "V48_uid_mean": 5.090435981750488, "V52_uid_mean": 6.692202568054199, "V53_uid_mean": 18.122570037841797, "V54_uid_mean": 11.797243118286133, "V55_uid_mean": 8.48835563659668, "V56_uid_mean": 5.54184627532959, "V58_uid_mean": 9.514348030090332, "V59_uid_mean": 6.176938533782959, "V61_uid_mean": 10.812664031982422, "V62_uid_mean": 23.574914932250977, "V64_uid_mean": 5.584132194519043, "V66_uid_mean": 7.011155128479004, "V67_uid_mean": 14.44469928741455, "V68_uid_mean": 7.391717910766602, "V69_uid_mean": 68.85862731933594, "V72_uid_mean": 72.32450866699219, "V74_uid_mean": 7.467284679412842, "V75_uid_mean": 8.334905624389648, "V76_uid_mean": 10.094110488891602, "V77_uid_mean": 9.640214920043945, "V78_uid_mean": 5.868189334869385, "V79_uid_mean": 8.821601867675781, "V81_uid_mean": 8.425167083740234, "V82_uid_mean": 7.484094142913818, "V83_uid_mean": 12.424673080444336, "V85_uid_mean": 5.169257640838623, "V86_uid_mean": 4.295445442199707, "V87_uid_mean": 19.06671905517578, "V89_uid_mean": 1.4361555576324463, "V90_uid_mean": 44.04415512084961, "V93_uid_mean": 4.609005451202393, "V98_uid_mean": 3.802417278289795, "V99_uid_mean": 7.443540096282959, "V100_uid_mean": 2.404486656188965, "V108_uid_mean": 4.400890350341797, "V109_uid_mean": 5.5466461181640625, "V110_uid_mean": 1.1798890829086304, "V111_uid_mean": 1.346737027168274, "V112_uid_mean": 10.68283462524414, "V113_uid_mean": 30.374069213867188, "V114_uid_mean": 2.9414901733398438, "V115_uid_mean": 5.580056667327881, "V116_uid_mean": 3.3366799354553223, "V117_uid_mean": 2.499659538269043, "V120_uid_mean": 1.7275766134262085, "V121_uid_mean": 12.279714584350586, "V123_uid_mean": 3.4886715412139893, "V124_uid_mean": 8.448079109191895, "V125_uid_mean": 4.14523458480835, "V129_uid_mean": 5.607209205627441, "V130_uid_mean": 10.578731536865234, "V131_uid_mean": 4.8862528800964355,